"id","email","password_hash","nombre","apellido","telefono","created_at"
1,"nuevo@test.com","$2a$10$F7eS8jaK.HixyrdIAlX63eg2u0JFFoVlYd0cdVYq4ltLJSlsVZIBK","Nuevo","Usuario",NULL,"2026-07-18 21:40:47.57904"
2,"mcperroscky1985@gmail.com","$2a$10$uZ7J09gHZwPqWgO9ySquuehqZ2pgL9ApbOv0xA/KFeGQXU/4pu1qa","Luis Alberto","Samaniego Segura","0996219688","2026-07-18 22:23:36.36257"
3,"nuevo1@test.com","$2a$10$nHrB5kNAsFcHp2xUeBmG9uEp9gzOgZtnDoQG2rvOL4jZaD7FjCW4i","Nuevo01","Usuario",NULL,"2026-07-19 17:17:04.537189"
4,"test@test.com","$2a$10$1AUeE82VryHLjTEjpvHX3eAjy.3gsbOKlEY3wqD9J7TsJFwjikcN.","Juan","Pérez","123456789","2026-07-19 17:40:59.454886"
5,"prueba1@gmail.com","$2a$10$iXI/7sVdQc1p1llJJL0PY.6q0qR6yan5krxaTwoqTV8O3jmrIWpRy","Cris","Parra","0992589631","2026-08-16 22:23:56.99779"
6,"prueba2@gmail.com","$2a$10$jQU69upEDXE6v1UYOZJ0seFA7cmajuZavMsuuSc5ZPV.Xi6RxudGi","carlos","yepez","0996219866","2026-08-17 01:14:35.457441"
7,"lia123@gmail.com","$2a$10$Al9M.njR2dI5aQ/lUr0kFON9yFrOLkdTNHac.NsV0MV8oF2G0HRve","lia","suarez","0996229784","2026-09-07 05:32:13.96381"
8,"bebemia@gmail.com","$2a$10$cQHAi8l0/yA0PR3R4SnfweinpdyBi/NYohpyUz2ZCnNjCo/czDviW","Loany","Samaniego","0996219687","2026-09-17 01:42:26.968775"
9,"prueba04@gmail.com","$2a$10$kGalfka85Usdjnk91uVfzuHbmF/mpt7hV4oN8ccrcmh0AOLMG1ke.","Carlos","Grefa","0996219478","2026-09-20 20:42:26.110005"
